2026-04-25 23:37:46,22,4,865,68,CRITICAL,ALERT,Investigate potential intrusion
2026-04-25 23:37:58,26,0,1292,38,CRITICAL,ALERT,Investigate potential intrusion
2026-04-25 23:37:58,22,0,1284,51,CRITICAL,ALERT,Investigate potential intrusion
2026-04-25 23:38:07,32,3,1499,79,CRITICAL,ALERT,Investigate potential intrusion
2026-04-25 23:38:13,28,3,774,68,CRITICAL,ALERT,Investigate potential intrusion
2026-04-25 23:38:16,29,1,707,75,CRITICAL,ALERT,Investigate potential intrusion
2026-04-25 23:38:22,17,0,1402,41,CRITICAL,ALERT,Investigate potential intrusion
2026-04-25 23:38:25,20,0,1449,73,CRITICAL,ALERT,Investigate potential intrusion
2026-04-25 23:38:32,26,2,1085,33,CRITICAL,ALERT,Investigate potential intrusion
2026-04-25 23:38:41,32,4,1177,56,CRITICAL,ALERT,Investigate potential intrusion
2026-04-25 23:38:53,21,1,1271,59,CRITICAL,ALERT,Investigate potential intrusion
